recipe,vegetarian
"Margherita pizza: dough, tomato sauce, mozzarella, basil",yes
"Spaghetti bolognese: spaghetti, minced beef, tomato, onion, garlic",no
"Vegetable stir-fry: broccoli, peppers, carrots, soy sauce, rice",yes
"Caesar salad: romaine lettuce, croutons, parmesan, anchovy dressing",no
"Pancakes: flour, eggs, milk, butter, sugar",yes
"French onion soup: onions, beef stock, butter, gruyere, baguette",no
"Chickpea curry: chickpeas, coconut milk, tomatoes, onion, curry spices",yes
"Pad thai: rice noodles, tofu, egg, peanuts, fish sauce, lime",no
"Mushroom risotto: arborio rice, mushrooms, vegetable stock, parmesan, white wine",yes
"Strawberry jelly: strawberries, sugar, gelatin",no
"Welsh rarebit: cheddar, bread, butter, mustard, beer, Worcestershire sauce",no
"Rice crispy treats: puffed rice cereal, butter, marshmallows",no
"Bean burrito: flour tortilla, refried beans made with lard, cheddar, salsa",no
"Gummy bears: sugar, glucose syrup, fruit juice, gelatin",no
"Panna cotta: cream, sugar, vanilla, gelatin",no
"Kimchi: napa cabbage, chili flakes, garlic, ginger, fish sauce",no
"Thai green curry: tofu, green curry paste with shrimp paste, coconut milk, aubergine, basil",no
"Minestrone: carrots, celery, beans, pasta, tomatoes, chicken stock",no
"Apple pie: apples, sugar, cinnamon, pastry made with lard",no
"Tamales: masa harina, lard, cheese, green chili",no
"Miso soup: miso paste, tofu, wakame, dashi made from bonito flakes",no
"Vegetable spring rolls: cabbage, carrots, rice paper, oyster sauce dip",no
"Mapo tofu: tofu, minced pork, chili bean paste, sichuan pepper",no
"Spaghetti puttanesca: spaghetti, tomatoes, olives, capers, anchovies",no
"Quiche Lorraine: pastry, eggs, cream, bacon",no
"Spaghetti carbonara: spaghetti, eggs, pecorino, guanciale, black pepper",no
"Pasta e fagioli: pasta, cannellini beans, tomatoes, pancetta",no
"Scotch eggs: boiled eggs, sausage meat, breadcrumbs",no
"Breakfast plate: fried eggs, mushrooms, tomatoes, black pudding, toast",no
"Tonkotsu ramen: noodles, tonkotsu broth, corn, spring onion, soft-boiled egg",no
"Pad see ew: wide rice noodles, tofu, egg, broccoli, oyster sauce",no
"Lemon cheesecake: digestive biscuits, butter, cream cheese, lemon, gelatin",no
"Chicken quesadilla: flour tortilla, chicken, cheddar, peppers",no
"Prawn cocktail: prawns, lettuce, mayonnaise, ketchup",no
"Nduja pizza: dough, tomato sauce, mozzarella, nduja",no
"Pesto pasta: pasta, basil, pine nuts, parmesan, garlic, olive oil",yes
"Mango jelly: mango, sugar, agar agar",yes
"Seitan stir-fry: seitan, broccoli, peppers, soy sauce, ginger",yes
"Black bean burger: black beans, breadcrumbs, egg, cumin, burger bun",yes
"Aubergine parmigiana: aubergine, tomato sauce, mozzarella, parmesan, basil",yes
"Spinach quiche: butter pastry, eggs, cream, spinach, gruyere",yes
"Cacio e pepe: spaghetti, pecorino, black pepper",yes
"Tortilla espanola: potatoes, eggs, onion, olive oil",yes
"Falafel wrap: chickpeas, herbs, flatbread, tahini, salad",yes
"Shakshuka: eggs, tomatoes, peppers, onion, cumin, paprika",yes
"Red lentil dal: red lentils, onion, garlic, turmeric, cumin, ghee",yes
"Guacamole: avocado, lime, onion, coriander, chili",yes
"Caprese salad: tomatoes, mozzarella, basil, olive oil",yes
"Mac and cheese: macaroni, cheddar, milk, butter, flour",yes
"Egg fried rice: rice, eggs, peas, spring onion, soy sauce",yes
"Vegetable lasagne: lasagne sheets, courgette, spinach, ricotta, tomato sauce",yes
"Chocolate brownies: dark chocolate, butter, sugar, eggs, flour",yes
"Greek yogurt bowl: greek yogurt, honey, walnuts",yes
"Paneer tikka: paneer, yogurt, peppers, onion, tikka spices",yes
"Mushroom stroganoff: mushrooms, onion, sour cream, paprika, vegetable stock",yes
"Spanakopita: filo pastry, spinach, feta, eggs, butter",yes
"Vegetable samosas: pastry, potatoes, peas, onion, spices",yes
"Toad in the hole: vegetarian sausages, eggs, flour, milk",yes
"Miso soup: miso paste, tofu, wakame, kombu dashi",yes
"Banana bread: bananas, flour, butter, sugar, eggs",yes
